density,vertex_count,k,dijkstra_median_ms,fwr_median_ms,dijkstra_stddev_ms,fwr_stddev_ms
0.25,25,1,0.0057,0.0421,0.0012,0.0054
0.25,25,1,0.0041,0.0323,0.0008,0.0010
0.25,25,2,0.0069,0.0292,0.0007,0.0014
0.25,25,5,0.0148,0.0249,0.0009,0.0017
0.25,25,7,0.0175,0.0193,0.0022,0.0023
0.25,25,10,0.0219,0.0186,0.0008,0.0007
0.25,25,12,0.0224,0.0192,0.0020,0.0006
0.25,25,15,0.0273,0.0191,0.0033,0.0008
0.25,25,20,0.0360,0.0188,0.0011,0.0007
0.25,25,25,0.0440,0.0192,0.0071,0.0082
0.25,50,1,0.0059,0.1006,0.0005,0.0031
0.25,50,2,0.0112,0.0983,0.0003,0.0019
0.25,50,5,0.0278,0.1010,0.0015,0.0025
0.25,50,10,0.0546,0.1018,0.0013,0.0029
0.25,50,15,0.0834,0.0990,0.0143,0.0025
0.25,50,20,0.1067,0.1007,0.0048,0.0030
0.25,50,25,0.1379,0.1066,0.0057,0.0051
0.25,50,30,0.1612,0.1057,0.0068,0.0058
0.25,50,40,0.2158,0.1072,0.0085,0.0130
0.25,50,50,0.3002,0.1147,0.0497,0.1156
0.25,75,1,0.0109,0.2932,0.0006,0.0159
0.25,75,3,0.0331,0.3065,0.0010,0.0039
0.25,75,7,0.0756,0.3002,0.0036,0.0238
0.25,75,15,0.1505,0.2944,0.0060,0.0132
0.25,75,22,0.2176,0.3147,0.0043,0.1641
0.25,75,30,0.2968,0.2927,0.0043,0.0061
0.25,75,37,0.3798,0.3052,0.1126,0.0351
0.25,75,45,0.4701,0.3052,0.0163,0.0117
0.25,75,60,0.5971,0.3005,0.0612,0.0134
0.25,75,75,0.7962,0.3159,0.2762,0.0289
0.25,100,1,0.0185,0.6364,0.0016,0.1793
0.25,100,5,0.0847,0.6481,0.0044,0.0153
0.25,100,10,0.1653,0.6445,0.0310,0.1894
0.25,100,20,0.3245,0.6447,0.0757,0.0593
0.25,100,30,0.4846,0.6535,0.0947,0.0629
0.25,100,40,0.6356,0.6515,0.0979,0.0576
0.25,100,50,0.8333,0.6492,0.1446,0.0627
0.25,100,60,0.9538,0.6379,0.0347,0.1291
0.25,100,80,1.2811,0.6348,0.1184,0.0144
0.25,100,100,1.5967,0.6523,0.1251,0.0452
0.25,125,1,0.0268,1.2028,0.0005,0.1250
0.25,125,6,0.1470,1.1951,0.0022,0.1193
0.25,125,12,0.2968,1.1967,0.0071,0.0818
0.25,125,25,0.5933,1.1952,0.1126,0.0544
0.25,125,37,0.8728,1.2135,0.1063,0.0467
0.25,125,50,1.1776,1.1724,0.0130,0.1537
0.25,125,62,1.5057,1.1606,0.6666,0.1162
0.25,125,75,1.8378,1.1662,0.1141,0.1400
0.25,125,100,2.5061,1.1797,0.2881,0.0279
0.25,125,125,3.0478,1.2121,0.4206,0.0991
0.25,150,1,0.0382,1.9741,0.0009,0.2050
0.25,150,7,0.2751,1.9469,0.0346,0.1705
0.25,150,15,0.6141,2.0191,0.1073,0.4912
0.25,150,30,1.1119,1.9597,0.0313,0.3214
0.25,150,45,1.6863,1.9788,0.3917,0.0796
0.25,150,60,2.2380,2.0241,0.3789,0.2676
0.25,150,75,2.7832,1.9125,0.1329,0.0931
0.25,150,90,3.4124,1.9588,0.2474,0.0476
0.25,150,120,4.4861,2.0102,0.7247,0.8804
0.25,150,150,5.4250,1.9175,0.0653,0.0492
0.25,175,1,0.0530,2.9328,0.0016,0.1607
0.25,175,8,0.4067,2.9383,0.3771,0.4454
0.25,175,17,0.6651,2.3037,0.0309,0.0956
0.25,175,35,1.3725,2.2677,0.0424,0.1665
0.25,175,52,2.0476,2.2538,0.1811,0.2606
0.25,175,70,2.7415,2.2863,0.0389,0.1385
0.25,175,87,3.4657,2.2766,0.1639,0.0476
0.25,175,105,4.1321,2.3076,0.1256,0.2248
0.25,175,140,5.4884,2.2917,0.1607,0.0542
0.25,175,175,6.9002,2.2614,0.1893,0.1732
0.25,200,2,0.1156,3.6128,0.0051,0.2040
0.25,200,10,0.5490,3.3910,0.0206,0.1380
0.25,200,20,1.0276,3.3428,0.2251,0.3261
0.25,200,40,2.0607,3.3854,0.1494,0.1383
0.25,200,60,3.1993,3.3050,0.1672,0.1641
0.25,200,80,4.1463,3.3991,0.0942,0.1764
0.25,200,100,5.2073,3.3066,0.0612,0.1536
0.25,200,120,6.2835,3.3209,0.5425,0.1222
0.25,200,160,8.2368,3.3098,0.5161,0.1552
0.25,200,200,10.2957,3.3295,0.2201,0.0674
0.25,225,2,0.1387,4.7935,0.0420,0.2202
0.25,225,11,0.7664,4.5777,0.2212,0.1437
0.25,225,22,1.4425,4.6158,0.1476,0.2813
0.25,225,45,2.9921,4.8312,0.1188,0.1859
0.25,225,67,4.4335,4.6565,0.1204,0.3634
0.25,225,90,5.9962,4.6198,0.3302,0.1059
0.25,225,112,7.4593,4.5663,0.2395,0.1550
0.25,225,135,9.0329,4.6649,0.1992,0.1428
0.25,225,180,11.9089,4.6697,0.2430,0.1670
0.25,225,225,14.7193,4.6820,0.3573,0.1185
0.25,250,2,0.1632,6.3946,0.0044,0.2044
0.25,250,12,1.0635,6.4257,0.0618,0.1717
0.25,250,25,2.0312,6.2245,0.1011,0.1745
0.25,250,50,4.0434,6.1996,0.3197,0.4819
0.25,250,75,6.0680,6.2548,0.1447,0.2173
0.25,250,100,8.0198,6.1751,0.6271,0.3469
0.25,250,125,10.1624,6.3441,0.1135,0.1847
0.25,250,150,12.1857,6.3375,0.2916,0.1407
0.25,250,200,16.4220,6.2506,0.5537,0.2831
0.25,250,250,20.3479,6.3332,0.3269,0.1669
0.25,275,2,0.1990,8.4286,0.0076,0.2782
0.25,275,13,1.3486,8.4428,0.0973,0.4865
0.25,275,27,2.6868,8.3133,0.0925,0.2473
0.25,275,55,5.4216,8.4017,0.1928,0.2036
0.25,275,82,8.0745,8.3613,0.0929,0.3121
0.25,275,110,10.8929,8.4361,0.3393,0.3596
0.25,275,137,13.4412,8.3008,0.2202,0.0869
0.25,275,165,16.0740,8.3292,0.2483,0.2449
0.25,275,220,21.5076,8.2898,0.1858,0.2079
0.25,275,275,26.8873,8.0955,0.2176,0.3394
0.25,300,3,0.3923,11.3429,0.0050,0.2282
0.25,300,15,1.7534,10.8359,0.0782,0.3539
0.25,300,30,3.5437,10.9233,0.1549,0.3380
0.25,300,60,6.9439,10.5904,0.2417,0.1353
0.25,300,90,10.6274,10.4661,0.3349,0.2574
0.25,300,120,14.0013,10.6632,0.6403,0.2304
0.25,300,150,17.4817,10.7030,0.5122,0.1995
0.25,300,180,20.9203,10.9449,0.3348,0.3921
0.25,300,240,27.7914,10.6512,0.5465,0.2393
0.25,300,300,34.7754,10.8066,0.4568,0.2539
0.25,325,3,0.4270,13.8432,0.0168,0.5860
0.25,325,16,2.3125,14.3333,0.0688,0.3458
0.25,325,32,4.5107,14.1500,0.1467,0.5454
0.25,325,65,8.9084,13.5906,0.1855,0.3952
0.25,325,97,13.4727,14.0393,0.3230,0.4559
0.25,325,130,17.7786,13.8425,0.5087,0.4513
0.25,325,162,22.1028,13.4351,0.5472,0.1601
0.25,325,195,26.6137,13.8489,0.5052,0.2169
0.25,325,260,35.4858,13.5388,0.6621,0.3511
0.25,325,325,44.0104,13.7175,0.4515,0.2612
0.25,350,3,0.5097,17.2245,0.0289,0.6197
0.25,350,17,2.9513,17.6369,0.1490,0.9085
0.25,350,35,5.7424,17.4318,0.2138,0.6712
0.25,350,70,11.3525,17.2824,0.2500,0.4806
0.25,350,105,16.6512,17.0861,0.2887,0.3266
0.25,350,140,22.4079,16.9581,0.1743,0.4869
0.25,350,175,27.7569,16.9818,0.4182,0.6145
0.25,350,210,33.4054,16.8740,0.6591,0.6660
0.25,350,280,44.3265,17.1745,0.4943,0.4243
0.25,350,350,55.6361,17.4128,0.3925,0.4192
0.25,375,3,0.6243,21.2557,0.0939,0.6428
0.25,375,18,3.4280,21.0938,0.1100,0.5237
0.25,375,37,7.0446,20.5846,0.3158,0.4248
0.25,375,75,14.0842,21.1735,0.4681,0.5744
0.25,375,112,20.9018,21.0867,0.3121,1.0107
0.25,375,150,28.0978,21.1608,0.3369,0.3938
0.25,375,187,34.8116,21.1900,0.6654,0.4610
0.25,375,225,41.7010,21.3133,0.5674,0.5708
0.25,375,300,56.1770,21.2090,1.0698,0.6958
0.25,375,375,70.3748,21.1058,0.8947,0.6222
0.25,400,4,0.9502,25.9114,0.1773,0.6728
0.25,400,20,4.4737,25.4050,0.1333,0.6825
0.25,400,40,8.7939,25.3756,0.1479,0.6560
0.25,400,80,17.3773,25.9365,0.2207,0.7109
0.25,400,120,26.1559,26.1463,0.3074,1.0516
0.25,400,160,35.0359,25.6254,0.5164,0.6259
0.25,400,200,43.5366,25.6846,0.3298,0.8517
0.25,400,240,52.4017,26.0963,1.4570,0.9148
0.25,400,320,69.7234,25.6866,0.6787,0.5276
0.25,400,400,86.8836,25.2474,0.6226,0.9122
0.25,425,4,1.1130,31.8788,0.0707,1.1219
0.25,425,21,5.4003,31.8176,0.2004,1.1310
0.25,425,42,10.6627,30.8826,0.2847,0.7201
0.25,425,85,21.5114,30.7036,1.5657,1.4254
0.25,425,127,31.9947,30.2675,0.7485,0.5492
0.25,425,170,42.5774,30.9813,0.6476,0.7590
0.25,425,212,53.2117,31.2736,0.9760,1.4457
0.25,425,255,63.7167,31.1822,0.4191,1.4875
0.25,425,340,85.2923,30.1684,0.9603,0.4896
0.25,425,425,106.3934,30.3588,0.7534,0.8199
0.25,450,4,1.2618,37.2924,0.0989,0.8081
0.25,450,22,6.5863,36.6471,0.8290,0.7364
0.25,450,45,13.0969,35.6129,0.2080,0.9220
0.25,450,90,25.8592,36.7480,0.4698,1.9485
0.25,450,135,38.3607,36.0598,0.5299,0.4511
0.25,450,180,51.4011,35.8880,0.7044,1.0145
0.25,450,225,64.1736,35.9530,0.4697,0.5783
0.25,450,270,76.8772,36.3008,0.4371,0.2913
0.25,450,360,102.4386,36.1003,1.3342,1.0046
0.25,450,450,127.9116,35.9562,1.2757,0.6152
0.25,475,4,1.4367,42.7634,0.0772,0.7618
0.25,475,23,7.5125,42.7168,0.1556,1.3825
0.25,475,47,15.3146,43.3024,0.2663,1.0391
0.25,475,95,30.6677,42.4907,0.3351,0.9490
0.25,475,142,46.0422,42.6440,0.9551,0.7274
0.25,475,190,61.2610,42.9160,1.8000,1.2551
0.25,475,237,76.5572,43.2445,1.2683,0.5830
0.25,475,285,91.3034,43.3995,0.8531,0.9915
0.25,475,380,121.9365,42.4892,1.0503,0.4072
0.25,475,475,151.9731,42.8833,1.0443,0.6830
0.25,500,5,2.0408,50.9113,0.1456,0.7374
0.25,500,25,9.2637,50.2833,0.2217,0.9803
0.25,500,50,18.2084,50.0773,0.5502,1.2243
0.25,500,100,36.5058,49.7020,0.4871,0.7469
0.25,500,150,54.0497,49.7589,0.4984,0.6010
0.25,500,200,72.1881,49.5847,0.8753,0.9991
0.25,500,250,91.5529,50.1660,2.3534,2.4211
0.25,500,300,108.1604,50.3319,1.3937,0.8929
0.25,500,400,144.1272,52.0695,1.3028,1.4184
0.25,500,500,180.9775,50.5761,1.8310,1.7460
0.50,25,1,0.0024,0.0188,0.0003,0.0008
0.50,25,1,0.0023,0.0181,0.0003,0.0008
0.50,25,2,0.0043,0.0170,0.0003,0.0010
0.50,25,5,0.0181,0.0292,0.0036,0.0068
0.50,25,7,0.0143,0.0162,0.0011,0.0011
0.50,25,10,0.0190,0.0152,0.0017,0.0007
0.50,25,12,0.0236,0.0169,0.0016,0.0012
0.50,25,15,0.0280,0.0152,0.0025,0.0013
0.50,25,20,0.0383,0.0164,0.0021,0.0013
0.50,25,25,0.0476,0.0157,0.0289,0.0005
0.50,50,1,0.0062,0.0845,0.0004,0.0031
0.50,50,2,0.0120,0.0852,0.0005,0.0023
0.50,50,5,0.0294,0.0846,0.0016,0.0315
0.50,50,10,0.0596,0.0851,0.0032,0.0242
0.50,50,15,0.0880,0.0848,0.0369,0.0037
0.50,50,20,0.1165,0.0865,0.0016,0.0026
0.50,50,25,0.1461,0.0839,0.0043,0.0030
0.50,50,30,0.1725,0.0857,0.0020,0.0066
0.50,50,40,0.2337,0.0864,0.0043,0.0040
0.50,50,50,0.3222,0.0980,0.0185,0.0072
0.50,75,1,0.0141,0.2727,0.0014,0.0253
0.50,75,3,0.0361,0.2400,0.0023,0.0079
0.50,75,7,0.0832,0.2394,0.0014,0.0059
0.50,75,15,0.1950,0.2636,0.0087,0.0353
0.50,75,22,0.2741,0.2443,0.0244,0.0175
0.50,75,30,0.3484,0.2392,0.0047,0.0326
0.50,75,37,0.4343,0.2347,0.4514,0.0153
0.50,75,45,0.5282,0.2400,0.0160,0.0052
0.50,75,60,0.7268,0.2544,0.2781,0.0190
0.50,75,75,0.9388,0.2575,0.2835,0.0259
0.50,100,1,0.0251,0.5442,0.0008,0.0127
0.50,100,5,0.1326,0.6244,0.0138,0.0734
0.50,100,10,0.2193,0.5304,0.0229,0.0555
0.50,100,20,0.4385,0.5265,0.0217,0.0200
0.50,100,30,0.7056,0.5575,0.0517,0.0541
0.50,100,40,0.9674,0.5673,0.0515,0.0214
0.50,100,50,1.0785,0.5045,0.0718,0.3758
0.50,100,60,1.2989,0.5232,0.2899,0.0151
0.50,100,80,1.7584,0.5442,0.1161,0.1166
0.50,100,100,2.3126,0.5487,0.2432,0.0410
0.50,125,1,0.0406,0.9719,0.0031,0.1563
0.50,125,6,0.2450,1.0690,0.0090,0.0559
0.50,125,12,0.4335,0.9288,0.0531,0.2631
0.50,125,25,0.9169,0.9931,0.1284,0.0508
0.50,125,37,1.4345,0.9586,0.1601,0.0597
0.50,125,50,1.8263,0.9436,0.1618,0.0387
0.50,125,62,2.2454,0.9692,0.3822,0.0485
0.50,125,75,2.8598,0.9928,0.1217,0.2444
0.50,125,100,3.6380,0.9756,0.2380,0.0416
0.50,125,125,4.8799,1.0239,0.2591,0.0351
0.50,150,1,0.0625,1.8241,0.0058,0.1310
0.50,150,7,0.4325,1.7283,0.0869,0.4081
0.50,150,15,0.8464,1.6088,0.1995,0.1223
0.50,150,30,1.8753,1.6751,0.3904,0.0634
0.50,150,45,2.4664,1.5844,0.1951,0.0288
0.50,150,60,3.2501,1.5739,0.2165,0.0901
0.50,150,75,4.1126,1.5927,0.3322,0.0755
0.50,150,90,4.8802,1.5693,0.3616,0.2945
0.50,150,120,6.7098,1.5959,0.4121,0.0583
0.50,150,150,8.2011,1.5527,0.3067,0.1447
0.50,175,1,0.0796,2.6054,0.0074,0.3158
0.50,175,8,0.6097,2.4367,0.0409,0.2366
0.50,175,17,1.3665,2.6151,0.1291,0.1786
0.50,175,35,2.8841,2.4872,0.5438,0.3038
0.50,175,52,4.1217,2.3794,0.3051,0.7902
0.50,175,70,5.4703,2.4041,0.5105,0.0841
0.50,175,87,6.6769,2.4142,0.4362,0.1465
0.50,175,105,8.3053,2.3799,0.7483,0.0955
0.50,175,140,10.7094,2.3560,0.5031,0.1010
0.50,175,175,13.0755,2.4103,0.2531,0.0686
0.50,200,2,0.2310,3.8190,0.0212,0.2926
0.50,200,10,1.0841,3.8091,0.1477,0.3907
0.50,200,20,2.2790,3.6631,0.3093,0.3175
0.50,200,40,4.1112,3.5211,0.3728,0.2296
0.50,200,60,6.0087,3.4226,0.3761,0.3704
0.50,200,80,8.4050,3.4817,0.8840,0.0625
0.50,200,100,9.8661,3.5436,0.2356,0.2276
0.50,200,120,11.5956,3.4653,0.4375,0.4318
0.50,200,160,16.4477,3.8788,0.5370,0.2401
0.50,200,200,19.9226,3.5331,0.8787,0.1619
0.50,225,2,0.2902,5.4664,0.0432,0.4139
0.50,225,11,1.6417,5.1757,0.2677,0.2364
0.50,225,22,2.9325,4.8809,0.2734,0.2286
0.50,225,45,5.8808,4.8456,0.3845,0.4567
0.50,225,67,8.5624,5.1560,0.3019,0.5550
0.50,225,90,11.5181,4.9524,0.8122,0.7870
0.50,225,112,14.1679,4.8727,0.4070,0.1316
0.50,225,135,17.0105,5.0873,0.4382,0.3323
0.50,225,180,22.5492,5.0274,0.8584,0.3648
0.50,225,225,28.3331,5.0908,0.5219,0.7254
0.50,250,2,0.3735,7.4729,0.0316,0.2571
0.50,250,12,2.1337,6.9453,0.2036,0.4187
0.50,250,25,4.2181,6.9383,0.3141,0.3510
0.50,250,50,7.6645,6.6975,0.2790,0.5929
0.50,250,75,12.0596,6.7102,0.3045,0.4667
0.50,250,100,16.0424,6.6914,0.3827,0.6062
0.50,250,125,19.5194,6.7691,0.7294,0.4848
0.50,250,150,23.3006,6.8621,0.5396,0.5793
0.50,250,200,30.9772,6.7281,0.4857,0.4509
0.50,250,250,39.2790,6.9311,0.8049,0.5829
0.50,275,2,0.4599,9.5863,0.0350,0.4471
0.50,275,13,2.7183,9.2073,0.3941,0.6175
0.50,275,27,5.8377,9.1246,0.2527,0.6399
0.50,275,55,11.0486,8.9123,0.2559,0.3429
0.50,275,82,16.1679,9.3137,0.3931,0.5596
0.50,275,110,21.6626,9.0796,0.1950,0.6820
0.50,275,137,26.7412,8.8722,0.3869,0.3692
0.50,275,165,32.1245,9.0212,0.4648,0.5086
0.50,275,220,42.9714,8.7868,0.6322,0.5921
0.50,275,275,53.7745,8.9127,0.9802,0.4995
0.50,300,3,0.7304,12.0991,0.0452,0.7173
0.50,300,15,3.9541,11.7015,0.2198,0.9794
0.50,300,30,7.4325,11.6188,0.2847,0.5129
0.50,300,60,14.6785,11.6138,0.4682,0.4698
0.50,300,90,21.7627,11.1606,0.3038,0.5697
0.50,300,120,29.1044,11.5851,0.5289,0.6050
0.50,300,150,36.4351,11.1019,0.7520,0.9235
0.50,300,180,43.0383,11.5160,0.5648,0.9983
0.50,300,240,57.4404,11.3689,0.6073,0.5868
0.50,300,300,71.6158,11.4440,1.1253,0.5661
0.50,325,3,0.9649,15.2282,0.0845,1.0041
0.50,325,16,4.8030,15.0953,0.1343,0.7160
0.50,325,32,9.3691,14.7959,0.2608,0.6900
0.50,325,65,19.3007,14.8641,0.5855,1.0201
0.50,325,97,28.2488,14.3645,0.3203,0.8422
0.50,325,130,37.5219,14.6834,0.8245,0.6238
0.50,325,162,46.7756,15.0528,0.7125,0.7327
0.50,325,195,56.2720,14.4617,0.7286,0.5756
0.50,325,260,75.4887,14.3859,0.6464,0.5649
0.50,325,325,93.5719,14.5824,0.7670,0.6640
0.50,350,3,1.2281,18.4956,0.1628,0.7106
0.50,350,17,5.9231,18.6276,0.2869,1.5116
0.50,350,35,12.1141,18.8642,0.2884,1.2136
0.50,350,70,24.1227,19.0740,0.5429,0.6385
0.50,350,105,36.0509,18.7352,0.9671,1.4136
0.50,350,140,47.8260,18.0429,1.1100,0.5655
0.50,350,175,59.5161,18.6298,1.2820,1.1419
0.50,350,210,71.8493,18.7484,1.4523,0.7584
0.50,350,280,97.1016,18.8131,2.1038,1.7076
0.50,350,350,119.2362,18.0485,1.1360,0.9053
0.50,375,3,1.3487,22.9860,0.1478,1.0349
0.50,375,18,7.1985,21.6172,0.2071,0.8345
0.50,375,37,14.7889,21.8852,0.3283,0.8500
0.50,375,75,29.6677,22.4900,0.4866,0.6087
0.50,375,112,44.4574,22.9860,0.6931,1.2339
0.50,375,150,59.5374,22.0733,0.7831,1.0012
0.50,375,187,74.6073,22.5311,0.9493,1.2993
0.50,375,225,88.9366,21.5688,1.8817,1.0085
0.50,375,300,118.4544,21.7143,0.9274,1.4177
0.50,375,375,149.1470,22.0945,1.4408,1.1564
0.50,400,4,1.8425,26.4393,0.1411,0.9296
0.50,400,20,9.5464,27.3499,0.5286,1.3863
0.50,400,40,18.4840,25.7423,0.1622,1.1428
0.50,400,80,36.9256,26.3141,0.6355,1.0751
0.50,400,120,54.7112,26.0775,0.5423,0.8046
0.50,400,160,72.7969,26.0594,1.1551,1.0055
0.50,400,200,91.6591,27.1779,0.9752,1.0918
0.50,400,240,109.3228,26.6887,1.1394,1.4124
0.50,400,320,146.8628,26.4561,1.4580,1.1085
0.50,400,400,182.5002,27.3360,3.8111,3.1349
0.50,425,4,2.4828,31.9583,0.1514,1.3741
0.50,425,21,11.3804,31.7535,0.2613,1.3003
0.50,425,42,22.1303,32.2123,1.5168,1.8243
0.50,425,85,44.3667,32.0340,0.7764,1.7965
0.50,425,127,65.9800,31.9550,1.0942,1.0550
0.50,425,170,90.9457,34.3798,2.7506,1.4115
0.50,425,212,109.8341,31.6362,1.3788,1.9812
0.50,425,255,132.5564,31.8502,1.4521,1.5855
0.50,425,340,177.4746,32.7136,1.2808,1.5830
0.50,425,425,221.4817,32.6069,2.2617,1.2577
0.50,450,4,2.8272,38.3395,0.1501,0.4209
0.50,450,22,13.4436,38.5510,0.3094,0.9964
0.50,450,45,27.3980,38.8229,0.7683,1.6068
0.50,450,90,54.8293,40.6364,1.5380,1.7880
0.50,450,135,81.1174,39.4899,1.4061,0.8770
0.50,450,180,108.4384,39.3304,2.0612,1.3658
0.50,450,225,134.7670,38.5266,1.5497,1.6589
0.50,450,270,160.7868,39.3922,2.0355,2.2697
0.50,450,360,214.6910,38.3702,3.6632,1.6135
0.50,450,450,267.6372,38.4915,4.4852,0.4804
0.50,475,4,3.4230,46.0895,0.2682,1.0264
0.50,475,23,17.0197,45.5087,0.5373,0.6430
0.50,475,47,34.1375,45.4525,1.0451,1.3134
0.50,475,95,69.4703,45.3359,1.5473,1.0254
0.50,475,142,101.9957,45.6960,1.8472,2.1091
0.50,475,190,136.5234,45.1643,1.8441,2.2785
0.50,475,237,168.0342,45.1138,0.9516,1.4603
0.50,475,285,202.1343,45.3147,3.1366,0.9715
0.50,475,380,268.3589,44.9967,1.9446,0.4646
0.50,475,475,335.6776,44.7147,2.4750,0.6668
0.50,500,5,5.0287,52.3463,0.2280,1.3381
0.50,500,25,23.4012,53.0036,0.7549,4.9326
0.50,500,50,45.5396,51.8374,0.8259,0.9200
0.50,500,100,90.1352,51.7815,1.9133,1.2664
0.50,500,150,134.5597,51.4352,1.3463,1.1264
0.50,500,200,179.7683,52.1990,1.8479,1.3004
0.50,500,250,224.6197,51.6833,1.5024,0.7778
0.50,500,300,269.1312,51.8976,2.6549,1.3207
0.50,500,400,359.4316,51.5211,2.4623,0.6708
0.50,500,500,447.1748,52.1296,1.6153,0.8218
0.75,25,1,0.0026,0.0154,0.0003,0.0012
0.75,25,1,0.0024,0.0158,0.0003,0.0010
0.75,25,2,0.0049,0.0157,0.0003,0.0006
0.75,25,5,0.0117,0.0154,0.0011,0.0011
0.75,25,7,0.0163,0.0158,0.0005,0.0009
0.75,25,10,0.0231,0.0158,0.0018,0.0253
0.75,25,12,0.0277,0.0155,0.0012,0.0006
0.75,25,15,0.0350,0.0155,0.0009,0.0016
0.75,25,20,0.0462,0.0154,0.0017,0.0006
0.75,25,25,0.0571,0.0153,0.0011,0.0006
0.75,50,1,0.0083,0.0863,0.0011,0.0035
0.75,50,2,0.0172,0.0922,0.0024,0.0253
0.75,50,5,0.0388,0.0864,0.0021,0.0025
0.75,50,10,0.0753,0.0839,0.0032,0.0062
0.75,50,15,0.1195,0.0883,0.0166,0.0239
0.75,50,20,0.1529,0.0847,0.0110,0.0046
0.75,50,25,0.1876,0.0835,0.0061,0.0035
0.75,50,30,0.2402,0.0876,0.1546,0.0090
0.75,50,40,0.3026,0.0844,0.0190,0.0123
0.75,50,50,0.4034,0.0915,0.0345,0.0112
0.75,75,1,0.0186,0.2616,0.0013,0.0247
0.75,75,3,0.0528,0.2511,0.0041,0.0265
0.75,75,7,0.1321,0.2708,0.0169,0.1505
0.75,75,15,0.2741,0.2707,0.0180,0.0219
0.75,75,22,0.3637,0.2482,0.0221,0.1766
0.75,75,30,0.4860,0.2405,0.1633,0.0225
0.75,75,37,0.5898,0.2387,0.0101,0.0501
0.75,75,45,0.7459,0.2344,0.0398,0.0104
0.75,75,60,1.0166,0.2755,0.0665,0.1946
0.75,75,75,1.2860,0.2491,0.1723,0.0261
0.75,100,1,0.0341,0.5386,0.0018,0.0361
0.75,100,5,0.1782,0.5540,0.0093,0.2114
0.75,100,10,0.3378,0.5262,0.0219,0.0316
0.75,100,20,0.6641,0.5131,0.0396,0.0432
0.75,100,30,1.0047,0.5410,0.0282,0.0324
0.75,100,40,1.4895,0.5827,0.0680,0.0366
0.75,100,50,1.7933,0.5566,0.1768,0.0316
0.75,100,60,2.0754,0.5276,0.2846,0.0218
0.75,100,80,2.7736,0.5203,0.2412,0.0288
0.75,100,100,3.3010,0.5255,0.2975,0.0243
0.75,125,1,0.0609,1.0921,0.0048,0.0593
0.75,125,6,0.3604,1.0778,0.0295,0.0540
0.75,125,12,0.7055,1.0592,0.0431,0.1317
0.75,125,25,1.3721,1.0416,0.2344,0.0808
0.75,125,37,2.0807,0.9977,0.1353,0.3682
0.75,125,50,2.6982,0.9686,0.3624,0.0258
0.75,125,62,3.4365,0.9760,0.3933,0.0835
0.75,125,75,4.1625,0.9940,0.1942,0.2030
0.75,125,100,5.4127,0.9696,0.1391,0.0788
0.75,125,125,6.7061,0.9654,0.2208,0.2446
0.75,150,1,0.0880,1.8791,0.1434,0.1773
0.75,150,7,0.6391,1.8011,0.0578,0.1736
0.75,150,15,1.3498,1.7144,0.1295,0.2675
0.75,150,30,2.5168,1.6814,0.2515,0.1835
0.75,150,45,3.6719,1.6330,0.2532,0.1460
0.75,150,60,5.2393,1.6008,0.5549,0.1110
0.75,150,75,6.5390,1.5542,0.7273,0.0458
0.75,150,90,7.3872,1.5622,1.0287,0.0485
0.75,150,120,9.8826,1.5642,0.4114,0.1594
0.75,150,150,12.0938,1.5650,0.4129,0.0387
0.75,175,1,0.1282,2.7219,0.0347,0.2818
0.75,175,8,1.0085,2.6536,0.2151,0.3865
0.75,175,17,2.1234,2.4198,0.3287,0.1519
0.75,175,35,4.4600,2.5671,0.2347,0.1889
0.75,175,52,5.7527,2.4114,0.4584,0.0938
0.75,175,70,9.1110,2.3958,1.0665,0.0876
0.75,175,87,9.9628,2.3838,0.5295,0.0710
0.75,175,105,11.6293,2.3931,0.2113,0.1507
0.75,175,140,15.7081,2.3934,0.7765,0.0481
0.75,175,175,19.3751,2.3720,0.8040,0.0571
0.75,200,2,0.3448,4.0761,0.0289,0.4997
0.75,200,10,1.7317,3.6416,0.1829,0.2874
0.75,200,20,3.2736,3.6330,0.2689,0.1910
0.75,200,40,6.5993,3.5248,0.5405,0.1348
0.75,200,60,9.5740,3.4729,0.7118,0.1113
0.75,200,80,11.9222,3.5114,0.5023,0.2133
0.75,200,100,14.8554,3.6920,0.6744,0.3438
0.75,200,120,17.4853,3.4909,0.4062,0.1685
0.75,200,160,23.3252,3.4031,1.0295,0.0947
0.75,200,200,29.2721,3.7867,0.4949,0.3677
0.75,225,2,0.4261,5.5180,0.0677,0.4077
0.75,225,11,2.4010,5.1025,0.2051,0.4534
0.75,225,22,4.6766,5.2585,0.4564,0.2934
0.75,225,45,8.5727,5.1080,0.5360,0.3118
0.75,225,67,13.2266,5.1005,1.0681,0.3971
0.75,225,90,17.2921,4.9297,0.5283,0.3409
0.75,225,112,21.5984,5.0948,0.5313,0.4429
0.75,225,135,26.1496,5.1724,0.4999,0.2706
0.75,225,180,34.7129,5.0116,0.5961,0.2847
0.75,225,225,43.1840,4.9277,0.6268,0.2496
0.75,250,2,0.5999,7.3171,0.0441,0.2955
0.75,250,12,3.3645,7.5241,0.2550,0.5535
0.75,250,25,6.6944,6.7428,0.1681,0.1984
0.75,250,50,12.9986,7.1136,0.4829,0.4772
0.75,250,75,18.6902,7.2147,1.4383,0.4919
0.75,250,100,24.9728,6.8795,0.4920,0.7026
0.75,250,125,30.9137,7.1730,0.6809,0.5012
0.75,250,150,37.2148,6.9588,0.4684,0.3537
0.75,250,200,49.7916,7.2627,0.5968,0.5090
0.75,250,250,61.5752,6.8942,0.5870,1.1769
0.75,275,2,0.7546,9.9481,0.0881,0.3937
0.75,275,13,4.5487,8.8970,0.2231,0.4964
0.75,275,27,8.5115,9.5652,0.3913,0.6083
0.75,275,55,17.2433,8.9897,0.2704,0.5516
0.75,275,82,25.5221,9.3714,0.4314,0.6529
0.75,275,110,33.8543,9.1813,0.5592,0.4774
0.75,275,137,42.0461,9.0357,0.6706,0.8246
0.75,275,165,50.5595,9.2569,0.5966,0.5237
0.75,275,220,66.8851,9.3981,0.6490,0.8923
0.75,275,275,83.9301,8.9451,0.7950,1.3735
0.75,300,3,1.1648,12.0703,0.0560,0.5213
0.75,300,15,5.8636,11.9483,0.6658,0.4657
0.75,300,30,11.7225,12.7155,0.3677,0.6976
0.75,300,60,22.3838,11.8444,0.3957,0.4461
0.75,300,90,33.3119,12.0142,0.4825,0.5881
0.75,300,120,44.3593,12.2419,0.5995,1.0116
0.75,300,150,55.4680,12.0737,0.7432,0.5317
0.75,300,180,66.8589,12.1595,0.7512,0.8411
0.75,300,240,88.9083,11.8831,1.0874,0.6773
0.75,300,300,110.6869,11.9310,1.1391,1.1232
0.75,325,3,1.5396,15.5966,0.1282,0.5761
0.75,325,16,7.6822,16.3373,0.9339,0.9457
0.75,325,32,14.2496,15.2135,0.2347,0.6016
0.75,325,65,28.6411,15.6489,0.7243,0.8317
0.75,325,97,42.8725,15.4943,0.5842,0.9188
0.75,325,130,57.5252,15.1011,0.9201,0.8191
0.75,325,162,72.7795,15.7848,2.1622,1.1093
0.75,325,195,87.1750,16.2681,7.4210,1.4023
0.75,325,260,118.8171,15.9852,5.2924,2.3667
0.75,325,325,148.0515,15.5614,2.7050,1.0134
0.75,350,3,1.9688,19.5048,0.4590,0.8106
0.75,350,17,9.2727,19.4466,0.5892,1.6075
0.75,350,35,18.7817,18.9995,0.4327,0.9412
0.75,350,70,36.4117,18.7486,1.1504,1.4538
0.75,350,105,54.2274,19.0242,0.4931,1.1511
0.75,350,140,72.6165,19.7163,2.2054,1.0734
0.75,350,175,90.0760,19.1883,0.7256,1.8391
0.75,350,210,107.6181,18.6424,0.9851,1.0990
0.75,350,280,143.4932,18.8704,0.5427,0.6562
0.75,350,350,179.6005,19.1992,1.4364,1.1341
0.75,375,3,2.7134,23.4636,0.2316,0.7046
0.75,375,18,11.9148,24.0177,0.5667,1.0825
0.75,375,37,23.5444,24.1407,1.2046,1.6075
0.75,375,75,45.9639,24.5772,0.5990,1.2585
0.75,375,112,68.7489,24.2859,0.9879,1.3221
0.75,375,150,91.3089,23.8959,0.7314,1.1132
0.75,375,187,114.3216,23.2893,0.9490,0.9904
0.75,375,225,137.1001,23.3582,1.7769,1.3573
0.75,375,300,181.6097,22.7298,2.0380,0.8667
0.75,375,375,228.6673,23.1426,2.3614,0.7368
0.75,400,4,3.8902,28.4884,0.3625,0.5666
0.75,400,20,17.0427,27.8289,0.2200,1.1773
0.75,400,40,33.1381,27.5705,0.6176,1.2213
0.75,400,80,64.8869,27.4145,0.9761,0.5838
0.75,400,120,97.0934,28.8013,2.8771,1.3357
0.75,400,160,128.9542,27.9916,1.5477,0.6389
0.75,400,200,162.3684,28.2946,6.9075,1.9143
0.75,400,240,306.5118,38.4585,99.2410,10.9661
0.75,400,320,349.6502,33.5988,10.0950,1.3379
0.75,400,400,414.7428,35.0405,19.2610,2.9448
0.75,425,4,6.1389,41.7421,0.2662,1.6082
0.75,425,21,26.2975,43.1367,0.8066,1.5114
0.75,425,42,56.5599,43.2235,1.5031,1.7223
0.75,425,85,109.8762,42.8689,5.8871,1.7701
0.75,425,127,167.9502,45.3971,8.0517,1.6278
0.75,425,170,223.1169,44.6035,6.9616,1.8999
0.75,425,212,283.8781,45.2097,3.6991,2.2151
0.75,425,255,336.1572,45.2976,8.9947,2.1719
0.75,425,340,437.6585,43.6680,17.4852,1.6907
0.75,425,425,552.5787,46.1701,49.2583,2.6864
0.75,450,4,8.1795,52.9546,0.2606,1.7477
0.75,450,22,37.1636,55.3807,2.5310,4.1320
0.75,450,45,73.4201,52.7185,3.8008,2.4070
0.75,450,90,148.4607,53.9004,5.8202,2.8894
0.75,450,135,222.7698,52.3859,11.3385,3.7862
0.75,450,180,314.5259,53.2789,15.5327,2.2093
0.75,450,225,320.0087,48.7031,25.3917,3.3071
0.75,450,270,366.8987,47.3941,9.9324,1.8872
0.75,450,360,482.4669,47.2841,5.5023,1.2023
0.75,450,450,590.1309,44.6577,18.2343,2.5448
0.75,475,4,7.3686,51.0911,0.4075,3.5852
0.75,475,23,36.7460,49.3616,1.0079,2.8098
0.75,475,47,73.3221,48.7699,1.4376,1.8274
0.75,475,95,146.4677,49.4395,1.2938,1.3878
0.75,475,142,218.0080,49.2031,2.6565,2.5337
0.75,475,190,293.2644,49.2904,2.9611,2.2445
0.75,475,237,366.3184,51.4101,5.3858,1.7668
0.75,475,285,434.6711,48.6981,2.7004,1.5568
0.75,475,380,576.0612,48.1736,4.3295,1.4455
0.75,475,475,718.1790,47.0149,2.3698,1.4250
0.75,500,5,10.1170,55.7626,0.8037,2.3740
0.75,500,25,45.6677,55.4405,1.2151,1.8262
0.75,500,50,90.3677,53.8151,1.0784,1.3939
0.75,500,100,179.4187,54.4393,2.2099,1.6675
0.75,500,150,268.5975,54.4093,6.1597,1.0939
0.75,500,200,357.7366,54.8694,1.6273,1.3703
0.75,500,250,454.1223,55.2131,7.4109,1.0230
0.75,500,300,543.5168,55.2079,3.2468,1.0807
0.75,500,400,719.8961,54.9870,4.0807,1.5062
0.75,500,500,902.7940,55.0590,2.4299,1.1323
1.00,25,1,0.0034,0.0179,0.0005,0.0028
1.00,25,1,0.0030,0.0158,0.0002,0.0010
1.00,25,2,0.0054,0.0156,0.0016,0.0011
1.00,25,5,0.0132,0.0151,0.0012,0.0007
1.00,25,7,0.0176,0.0154,0.0006,0.0012
1.00,25,10,0.0282,0.0169,0.0019,0.0010
1.00,25,12,0.0304,0.0155,0.0010,0.0005
1.00,25,15,0.0366,0.0152,0.0206,0.0014
1.00,25,20,0.0475,0.0146,0.0017,0.0006
1.00,25,25,0.0607,0.0144,0.0106,0.0007
1.00,50,1,0.0114,0.0929,0.0011,0.0108
1.00,50,2,0.0218,0.0960,0.0063,0.0230
1.00,50,5,0.0483,0.0864,0.0031,0.0076
1.00,50,10,0.1001,0.0898,0.0051,0.0039
1.00,50,15,0.1463,0.0885,0.0208,0.0047
1.00,50,20,0.1892,0.0848,0.0092,0.0060
1.00,50,25,0.2640,0.0955,0.2329,0.0029
1.00,50,30,0.3232,0.0954,0.0127,0.0036
1.00,50,40,0.3553,0.0832,0.0427,0.0286
1.00,50,50,0.4740,0.0893,0.0220,0.0172
1.00,75,1,0.0287,0.2930,0.0032,0.0706
1.00,75,3,0.0756,0.2545,0.0054,0.0134
1.00,75,7,0.1861,0.2604,0.0224,0.0294
1.00,75,15,0.4142,0.2796,0.0133,0.0177
1.00,75,22,0.5391,0.2416,0.0472,0.0158
1.00,75,30,0.7608,0.2577,0.0510,0.0207
1.00,75,37,0.9409,0.2513,0.1163,0.0400
1.00,75,45,1.0817,0.2559,0.0826,0.0209
1.00,75,60,1.4766,0.2679,0.1597,0.0314
1.00,75,75,1.7680,0.2426,0.1277,0.1690
1.00,100,1,0.0554,0.6185,0.0232,0.0305
1.00,100,5,0.2641,0.6033,0.0157,0.1610
1.00,100,10,0.5308,0.5986,0.3139,0.0267
1.00,100,20,1.0575,0.5999,0.0925,0.2404
1.00,100,30,1.5409,0.5670,0.1569,0.0296
1.00,100,40,2.0391,0.5815,0.3115,0.0478
1.00,100,50,2.5271,0.5655,0.2857,0.0620
1.00,100,60,2.8005,0.5243,0.1934,0.0391
1.00,100,80,3.8659,0.5098,0.4817,0.0578
1.00,100,100,4.8077,0.5357,0.4320,0.0278
1.00,125,1,0.0992,1.0864,0.0483,0.1525
1.00,125,6,0.4780,1.0145,0.1199,0.1977
1.00,125,12,1.0128,1.0692,0.0988,0.0922
1.00,125,25,2.0277,0.9962,0.4626,0.0967
1.00,125,37,3.0740,0.9968,0.3315,0.0737
1.00,125,50,4.0464,0.9667,0.4562,0.1169
1.00,125,62,5.3133,1.0270,0.5686,0.1391
1.00,125,75,5.8692,0.9485,0.5492,0.1520
1.00,125,100,8.0157,0.9474,0.5220,0.0295
1.00,125,125,9.5207,0.9585,0.6703,0.0271
1.00,150,1,0.1325,1.7576,0.0454,0.1666
1.00,150,7,0.9348,1.8878,0.0684,0.0797
1.00,150,15,1.8946,1.7843,0.1753,0.1450
1.00,150,30,3.5596,1.6268,0.4485,0.1239
1.00,150,45,5.4248,1.6347,0.4612,0.0778
1.00,150,60,7.0160,1.5349,0.4495,0.0846
1.00,150,75,8.4708,1.5389,0.4944,0.1211
1.00,150,90,10.1700,1.5263,0.6992,0.0295
1.00,150,120,13.0823,1.5269,0.8167,0.0471
1.00,150,150,16.4438,1.5185,0.4052,0.0232
1.00,175,1,0.1743,2.6673,0.0299,0.2037
1.00,175,8,1.3479,2.5956,0.0837,0.2367
1.00,175,17,3.0255,2.6905,0.2634,0.1288
1.00,175,35,5.7432,2.3708,0.2923,0.0708
1.00,175,52,8.3705,2.3747,0.4296,0.2344
1.00,175,70,10.5087,2.3257,0.4638,0.0878
1.00,175,87,12.9214,2.2830,0.5159,0.1388
1.00,175,105,16.0284,2.3313,0.6092,0.0902
1.00,175,140,20.7000,2.3559,0.4101,0.1598
1.00,175,175,25.8816,2.3476,0.4707,0.0618
1.00,200,2,0.5071,3.8795,0.0627,0.1807
1.00,200,10,2.4340,3.8726,0.1743,0.2993
1.00,200,20,4.6807,3.5429,0.2729,0.2614
1.00,200,40,8.4858,3.5160,0.4850,0.2643
1.00,200,60,12.8133,3.4665,0.6629,0.8744
1.00,200,80,16.3559,3.6377,0.5475,0.4252
1.00,200,100,20.0620,3.6376,0.6152,0.2714
1.00,200,120,24.8349,3.6751,0.7006,0.6140
1.00,200,160,32.3488,3.4583,0.8080,0.4030
1.00,200,200,40.0776,3.4121,0.4888,0.3275
1.00,225,2,0.6160,5.3148,0.0562,0.3736
1.00,225,11,3.3176,5.2913,0.2979,0.3609
1.00,225,22,6.4935,5.2400,0.4980,0.4454
1.00,225,45,12.4623,4.8641,0.3997,0.2910
1.00,225,67,18.2964,4.9013,0.6969,0.3243
1.00,225,90,24.1149,5.2812,0.2752,0.6050
1.00,225,112,29.8239,5.1516,1.1041,0.4499
1.00,225,135,35.8757,5.1170,0.6495,0.2971
1.00,225,180,47.4237,4.7816,0.5551,0.3067
1.00,225,225,59.8741,4.9179,0.8244,0.6084
1.00,250,2,0.8454,7.2689,0.0607,0.3496
1.00,250,12,4.5280,7.0997,0.2951,0.3659
1.00,250,25,8.9500,7.4222,0.7251,0.5782
1.00,250,50,17.1223,6.7668,0.6227,0.3819
1.00,250,75,25.5500,7.2453,0.6968,1.5561
1.00,250,100,33.5891,6.8996,0.5679,0.8162
1.00,250,125,42.0139,7.3047,0.6362,0.7773
1.00,250,150,51.1202,7.1853,0.9267,0.8560
1.00,250,200,67.3174,7.1881,1.2703,0.7571
1.00,250,250,84.2219,7.0796,1.0935,0.5711
1.00,275,2,1.1111,9.8668,0.0948,0.6867
1.00,275,13,5.7641,9.8223,0.2847,1.3905
1.00,275,27,11.3947,9.5420,0.5501,0.6419
1.00,275,55,23.1744,9.4438,0.7173,1.0447
1.00,275,82,34.0057,9.6691,0.6715,1.1424
1.00,275,110,45.6044,9.8662,0.6143,0.7006
1.00,275,137,56.6759,9.7658,0.9636,0.7503
1.00,275,165,69.2347,9.1546,1.0919,0.6863
1.00,275,220,90.3637,9.0751,2.3131,0.7281
1.00,275,275,113.5151,9.7590,1.9334,1.6020
1.00,300,3,2.0361,12.4596,0.1668,0.6130
1.00,300,15,8.2870,11.7974,0.3089,1.1897
1.00,300,30,15.3497,12.2888,0.6234,0.3895
1.00,300,60,30.3498,12.0373,0.6981,1.4675
1.00,300,90,45.4794,12.4745,0.9309,0.9186
1.00,300,120,60.0461,12.7653,1.7228,0.7114
1.00,300,150,75.6624,12.0879,1.2691,0.8343
1.00,300,180,89.7081,12.3318,1.5348,1.3488
1.00,300,240,119.8855,12.4364,1.1116,1.3452
1.00,300,300,149.0381,12.2632,1.1145,1.7594
1.00,325,3,2.6816,16.1345,0.2660,0.7477
1.00,325,16,10.3681,15.9495,0.5196,0.7042
1.00,325,32,20.6129,15.5035,0.9448,0.8899
1.00,325,65,39.9363,15.6255,0.9864,0.7611
1.00,325,97,59.2624,15.1161,1.3338,2.0954
1.00,325,130,79.3218,15.2379,1.4042,1.3701
1.00,325,162,97.9751,15.3405,1.2626,0.7415
1.00,325,195,117.7296,15.4368,1.1679,0.9480
1.00,325,260,156.4803,15.7384,2.3625,1.0079
1.00,325,325,195.1603,14.9626,2.2034,0.3443
1.00,350,3,3.4519,19.2928,0.3661,0.4152
1.00,350,17,15.4349,19.6656,0.5629,0.9485
1.00,350,35,30.5001,19.5786,1.7450,0.8840
1.00,350,70,59.9350,18.8760,1.1276,1.0849
1.00,350,105,88.3664,19.2056,1.5207,1.0319
1.00,350,140,117.7677,19.4471,1.6032,1.2975
1.00,350,175,146.6234,20.1819,1.2191,1.3922
1.00,350,210,176.0651,19.1483,0.7601,1.8227
1.00,350,280,234.1694,19.5848,1.7747,0.7773
1.00,350,350,292.6137,20.1575,2.1257,0.6372
1.00,375,3,4.5442,23.1107,0.4974,0.8509
1.00,375,18,21.4826,23.5093,0.6503,1.3965
1.00,375,37,42.6651,23.1023,0.8300,0.5749
1.00,375,75,84.5937,23.7597,0.9067,1.3001
1.00,375,112,124.7529,22.6998,3.5923,0.8892
1.00,375,150,167.8802,22.9188,1.5767,0.9877
1.00,375,187,208.2464,23.2787,1.8280,1.5407
1.00,375,225,252.0056,22.9193,1.7323,1.4387
1.00,375,300,333.2689,22.5777,2.5005,0.8839
1.00,375,375,416.0001,22.7690,2.7848,1.0633
1.00,400,4,6.8482,28.0812,0.7905,1.3143
1.00,400,20,29.8501,28.0850,0.6645,1.5640
1.00,400,40,58.0128,27.4365,1.3764,1.2716
1.00,400,80,114.1603,27.8356,1.3651,0.9944
1.00,400,120,170.3201,27.6485,2.3527,0.6096
1.00,400,160,225.6013,27.9080,1.6085,0.9577
1.00,400,200,278.7534,27.9679,2.0103,0.9630
1.00,400,240,332.4214,27.7447,0.8849,1.0592
1.00,400,320,443.0697,27.6546,1.6886,0.5796
1.00,400,400,551.6040,27.4169,0.8193,0.7388
1.00,425,4,8.3130,32.8610,0.5499,0.9304
1.00,425,21,36.8781,32.6637,1.0889,1.0886
1.00,425,42,72.4711,32.7417,1.4853,2.4808
1.00,425,85,144.9603,33.1178,1.7006,1.0509
1.00,425,127,216.7814,32.9476,1.9843,1.6938
1.00,425,170,287.1766,32.7701,3.7558,1.3558
1.00,425,212,357.6377,32.4416,1.5359,0.7989
1.00,425,255,427.7814,33.1492,2.6213,0.7490
1.00,425,340,570.6696,32.3389,5.7665,1.1629
1.00,425,425,711.7441,32.9258,22.9817,1.7053
1.00,450,4,10.7211,40.6758,0.5520,2.3032
1.00,450,22,46.5994,40.7038,1.2549,1.5910
1.00,450,45,94.4749,41.5725,1.4348,1.9781
1.00,450,90,186.3622,41.9823,3.0473,3.3382
1.00,450,135,270.2202,41.8487,2.3622,1.4623
1.00,450,180,362.2005,39.4363,4.1901,1.5711
1.00,450,225,447.2505,38.6313,1.7982,1.3382
1.00,450,270,535.6430,39.1315,1.9677,1.1644
1.00,450,360,850.7269,44.9527,58.0162,2.8388
1.00,450,450,1129.7803,46.8985,65.2988,1.1157
1.00,475,4,14.0022,54.3093,1.2227,2.6318
1.00,475,23,70.0700,51.6558,2.7238,2.6210
1.00,475,47,137.5785,56.5959,8.1586,2.3806
1.00,475,95,228.9416,53.8222,7.9599,4.1255
1.00,475,142,336.2375,52.7973,1.4622,2.3377
1.00,475,190,451.4044,50.5242,5.0422,2.5188
1.00,475,237,562.1977,53.0999,4.3947,1.8585
1.00,475,285,665.1591,48.7778,2.2504,0.8140
1.00,475,380,894.5640,48.6556,10.4451,4.3052
1.00,475,475,1106.4491,47.1225,2.9106,1.3713
1.00,500,5,15.1033,54.7994,0.5247,1.5447
1.00,500,25,69.2418,54.8701,0.9375,0.8518
1.00,500,50,137.1404,54.5123,1.4287,1.5533
1.00,500,100,270.6053,54.6002,1.4679,1.9257
1.00,500,150,405.3080,53.9555,1.6590,0.9344
1.00,500,200,539.5621,55.4338,5.4876,2.2752
1.00,500,250,679.0562,55.2289,3.9889,0.6860
1.00,500,300,818.0777,55.6506,4.2959,1.4330
1.00,500,400,1086.2739,55.0667,2.2728,1.1948
1.00,500,500,1355.8151,54.3649,2.8145,1.3048
